{"version":2,"hash":{"type":"Buffer","data":"Inh2rhg1uB8ENRanczs8Mfby3oQzMIsMvgrXPZt9hpoG5kf8V2LNkq+wdeWrKRB8CgXb3c4yZ/vZT06gtx4neUzPbSMNSbCXEYw4wtPl3hqTgpHeYybReBL1Fk6LV0p3SYvqHkWXsF4hr19RByiVMKRUII1iSJCPeTFi9i039ps="},"indexValueMap":{"fSCbMYHBfgOjgDk6iXDPeP0Gq53WN5nEo/55uW1nmes=":{"valueMac":{"type":"Buffer","data":"R5cxLJDoiM7qNKcHQTWZVdDwgVYW9k5N3fMhh9/w37E="}},"DQbFSzTteqx2IpQH+knsCfaxUiBVdHEGuXp92SnMm04=":{"valueMac":{"type":"Buffer","data":"jxrViBrCCw1kYPohpOosn79I2uFStD9j/QFrFA1m374="}},"3yFzSKhGOiGn98YGvcKidBkBjsqkmAxMikh1Ks0t21s=":{"valueMac":{"type":"Buffer","data":"XfH3q3ym37brsjFyTixHcYQWATRDAHQxYGQB9XiJ7RA="}},"K67ZTUFb7U2bKlw+i6kCwgRpNOv4Q2vZYtrarrUGtzM=":{"valueMac":{"type":"Buffer","data":"bdomvDH+SLGLM+3h0NU0M/Vwv2AYeT3sGBLxbBZ2RZA="}},"1rt0bFFENSdyHoqDql6ej3K5W3fsBeiTSgPr6F2KqOA=":{"valueMac":{"type":"Buffer","data":"F6oLm8N7fTgcQsudajn8j5lTrpvS59wtJvwi5c4g18U="}},"fEyoDd35TQQlJefhjWKzE2c++sZ85lJp9oZSJTvupC8=":{"valueMac":{"type":"Buffer","data":"YJq1MB0SiPqC8ckQSqI9cP/enYHo+hXYyvv8juaUO38="}},"6nT9bzGax64hdAkmGdDQ35d5Mcf2Z5qbBdFX71yAHE4=":{"valueMac":{"type":"Buffer","data":"+nDrXWi1o9ZbXrUQFEVYwfx0BIvYK2tIR1ttCx1Pjdg="}},"QXiOapLqlbQ6t4JRNh+/hoLw+Q4cxbdE5UIgawHv25w=":{"valueMac":{"type":"Buffer","data":"tCdxrcTuoNfaZ79OMoZvf1DLB9iYJl+3kYq4Xo8Tg/4="}},"7SY8/WAMyBlGSzWXyH4lQE948Yg88fK9M7l1SkIrCjk=":{"valueMac":{"type":"Buffer","data":"nTyuQD5zPebDsAxslqOxc4xbbJddrjHKV0H+0KV1Nvc="}},"OWHvoQJqx+rXo1w1K1xDiud29CKcTseLNNHx6jHHdGo=":{"valueMac":{"type":"Buffer","data":"lLWT+1yUhzIiFSrgOQ2n4lubFApKa9XlFWjNw9/eI/c="}},"0tDibYwzQAOwLQEoo5dpxCyCgEUn5zrNjKNBiFJ+cgs=":{"valueMac":{"type":"Buffer","data":"+Xgs0yflBsgeGmZyNN8apv3UYOiVaPzcEwI74I3i6Dk="}},"l3iO9HNPOg+Yvt+v9VQxQwY0elKfiHSC92NOBZ1Q/jY=":{"valueMac":{"type":"Buffer","data":"KFIaVi/CvMNCe+Si+6OkU3tyHkl34EfG1FnS2TmXw1E="}},"Sx4IIkSvmxq3J4D9vG2DPLBGKsVmlCPvcj7eczFbCqo=":{"valueMac":{"type":"Buffer","data":"qUU7nX9ldN7YU6zkP/YFnZy5Za7esLd69X25GSlEilU="}},"ot/HciHYN/hGmTid9cm6Ea0lt3/S1JS9d7a8tvO97Ys=":{"valueMac":{"type":"Buffer","data":"XoT4yZkMsFWc1SWxSi6R6mW9k2rstdY+G7RbfSiBm5A="}},"wzyvzEkLfC+S9/TD/66qwDb7MvvRIMti0O+EqU+4aGk=":{"valueMac":{"type":"Buffer","data":"oO4t7yJ5bu+GPRXWq6UIUh2vwlAOTUSokbSasicw3SQ="}},"PkVD72E6NNBaag8xj4Ft007xEhNAyLIRGuI+hoDoS/8=":{"valueMac":{"type":"Buffer","data":"3Oc9NYuJ0SBQ0vN4EWLfF+1PwhP9hoqLlqY3aGiWGFI="}},"iA/xJYkSqXVbA7sMVuPy+RRqlYQPOSj/jjxFG+nTEoY=":{"valueMac":{"type":"Buffer","data":"MDeY7U0cP+GGInCtzssKsqf0npW0ttZr/eKqcVsYqpY="}},"915MfFPJYhMHty7gXJV+Ay2mxWUshIscv4BxQlvpvBQ=":{"valueMac":{"type":"Buffer","data":"7Onnsb4K2YAu4ltHcaHJaMpb+G+/dPaxXt1u5ZevD4Q="}},"01EYcmBj/8W46KA1MRuAxUsvsy3MsrqoznzOPIVIoFw=":{"valueMac":{"type":"Buffer","data":"I3f8XY4rTNG5p5NVj245fPrRQEj2nIF5xixMDbTtjYw="}},"ZTKGgIhtpe+WyHfX7B5WQeu5PRrgib6pbaFgyuPuflM=":{"valueMac":{"type":"Buffer","data":"v7sqCZNSYzWabhHMPZCPz8UBuYIdfsSCsXhD+asMHN4="}},"t1IQrHkPzqFyDHclBL/deFNUqB/ptsH/yTZBuXMdiwM=":{"valueMac":{"type":"Buffer","data":"fJCyMIoAEHz1Okq2yigjHVOzoe7u9iQhSfov0js9r6M="}},"95MM9Hhasi9W+9nueHmKRf2SonRSSbq4moKBwH6qaWA=":{"valueMac":{"type":"Buffer","data":"kwgOczrIsn/fP8iskHq8a3rNeKunH2RCoASyuU0vO0A="}},"0oChuNlZuJbH/0p6MOmJnLKlzHU2WoOXa7lGRCB7flQ=":{"valueMac":{"type":"Buffer","data":"8Dy+SBMBX72WUQ7Qc4HoiBm5bnW5/kO02Vo0S64IcZE="}},"tMs7NXtriWpzPyc47+MtAj2nyVe+3DQhrm5vIOoTX4Q=":{"valueMac":{"type":"Buffer","data":"N6f71cvFTuxwCPZ2W3TmbEmoiVvF+ZQRsxK/6Zxbr/0="}},"o4UaNjQcOkR7HnS3DQrAzOWz778RlUeSemtFYAOKiLE=":{"valueMac":{"type":"Buffer","data":"8pL1xHqKanUUpCGmMDwtMBupOLl8UnKh4idTYS6vh+c="}},"sJgIFNi46QjZZSOgv3HPYuvAWPPjcZ0d7RNGkNlYO6Q=":{"valueMac":{"type":"Buffer","data":"k8CvdMJ2g4wQPh+zUk8GhcNj+1nVv4QGV2iv6nYr7vk="}},"kC+LXmqlU/48B1rp9lZTfhZjxWfHX2zlKCf8ylS8i/g=":{"valueMac":{"type":"Buffer","data":"SjC3TXMN51AKWDFgrNsb32imIgknY0VQoV3oFkmCvJ0="}},"cFY8ssgAT2IqIyUHN4zxssX48CJps6sKx6mAPxeq38Y=":{"valueMac":{"type":"Buffer","data":"EvbkdtKVke7WigGZVIHuKGuMGU58PuxpvE0oFuvLvN4="}},"anPp1UdGc8ULJRYEOWHXFmHJsKAAqf+NdiTy6NaTzzU=":{"valueMac":{"type":"Buffer","data":"0rAplIj4dHv2JA9jYo2Tjg/04qdgI0KIN35dyQPjg1s="}},"dV3ngqln2nKYaFgVJhFww8AS3wR0dG6KG6TfCdVJgLA=":{"valueMac":{"type":"Buffer","data":"SgHA1q1oMRUUD+cwbtAbZxiPkZXPzZH5jN/W3JK1S+Q="}},"Yivj7xmpUSkCWZTc1XE0Prm/cYJIop8MICXHviUnFTY=":{"valueMac":{"type":"Buffer","data":"OwmNww5Kt4FonRi8ao19OXgzbZYZUR3d9mvb029LnRM="}},"RY+d3AwCx60eqbLtXCUH9EK1FbC1xmx99Yygqy/00HU=":{"valueMac":{"type":"Buffer","data":"z64WsEYzSGy0KFx+7XafQrYpVmuEsMUWd4CY/tE6tbc="}},"4KgPWJKY39ED+1xPIJHw5FxfIJcgYznxZ0oYK+AvKPc=":{"valueMac":{"type":"Buffer","data":"HNN3Pf03Kj1Wyf1P20tdS9gR0Arj7Yy+dIsbxOPq9YE="}},"zSPbgqFzT/THGTT8pRClmWsR7jeFAii85HaTpF/CyDU=":{"valueMac":{"type":"Buffer","data":"srBoM2H++yOrWYW4p/KZEVSh8QWiks8lVHGtLW7nM64="}},"v6D6/Sp5iYtjSAq6hBYI/ARkHKw1vQKsJRh6q/26+EY=":{"valueMac":{"type":"Buffer","data":"AzDKg+fJUO/Ha6KWweBGZ1KkGKv1m8fao0sgncx4bOg="}},"Lm44vfQrvcigFwasPhh9rakJM182e2PfaKpJjTt4AiU=":{"valueMac":{"type":"Buffer","data":"fLh9TLTL81Zb1jWcqGzf2QQ702CNm8XO/E9G9M+Pq94="}},"bVyQ0xci43C7/0TP41cCUJU6KcpwNkQ78CtnTL4Lf98=":{"valueMac":{"type":"Buffer","data":"bz5k4x9v278+T7ud9RxP66XChmR0UL9Y4JmrlmOVG2U="}},"lT97ahDi50vDugdkkZhy6bHrPf2p+jdV0rSj94r4kD8=":{"valueMac":{"type":"Buffer","data":"iCQE8ufg6VaxXuaAlInI9+hwjIqfVpv0INbEkpvKnDk="}},"LeMN7PZf2SM9j8gHJB0pnLL0TJ1sNTa6bNSFeAc4HlI=":{"valueMac":{"type":"Buffer","data":"Gu+J7NLeSp0v6enyJQkz+UZ32+IfLuao1rRhwYycX8c="}},"WG0ELwl6pxRFN5RSFxJxPM0TrqQfs97zfvdh4S1iCzo=":{"valueMac":{"type":"Buffer","data":"ansn+8WVhrtjXJv2chC17tes6IZqeEEI0oXxNJgbq3c="}},"OzPIJFp3JXoBSB9owm/L8l2pLzMgDsJEJX39+x79ih0=":{"valueMac":{"type":"Buffer","data":"d5nL10VUM/S6KSDlgeja0sY8i4DTrQ+5Z4Ycis9DtRc="}},"Tv+p73pmOUTK7D9tFi26ka9vHwn7g2sMhnBGYPoFwkU=":{"valueMac":{"type":"Buffer","data":"8gnxW5DvpmhKq3mNKt0xYNOZwWuFnhRLIbhSgdZtgnM="}},"Z7Jd7PMypMsOB9F5fsIRCGlKwi925a9zrckWVYorjp0=":{"valueMac":{"type":"Buffer","data":"ir8MWO+rm/PCbeMzucMHVFArQb8hF3N3uh3tB/uTva8="}},"pEdOct8kg4mWjwC4ve+h2UVCOM3jRTTcSCElapCHBDY=":{"valueMac":{"type":"Buffer","data":"bBjFcooS4sQ1R7OZ1ufTs6bZe7yWJ1LLnsa/YjkXcE8="}},"fGT2HbQbCzz00WwEGjxOhPSSqIl/mUUoiaQlQxjQJ1k=":{"valueMac":{"type":"Buffer","data":"boKbmPplX26CzRcql92+A4D4Y0QvrNkycq/f1sPaOPY="}},"cyUrqiAKOGNdC+l7+5yx2fTBUCUMcGWQscFiq0x1sqI=":{"valueMac":{"type":"Buffer","data":"BfdVHtQFcK4TqV5YKUAfjYSe8DTUN931FyY0Ra56YNU="}},"rYVrYOUcaWq0YpshXH55/0kW4ukSrhxb8ycOitJs40Q=":{"valueMac":{"type":"Buffer","data":"zuuXVU3LibfHR/gra3cdeENPWf9GJpO5gaBNezd6cEc="}},"blclAy17BO0LlNfi3D7B4vD5FrA1zkhkrd7wUfdHIXI=":{"valueMac":{"type":"Buffer","data":"XCS1Br+MDM/zo+HrwbS+F9wQoChfB6EyrYMWMP1m7Lw="}},"R0XwgbqouoW5uTCEvj8Q2NPVMQmNkFstFKyqzQ4rQ8k=":{"valueMac":{"type":"Buffer","data":"75QjFLElNW56DNYI3s3YEzYmGPYJR6XQ/fa7KEse3to="}},"8II35pBUMAsCwRFP9T/PdeO3uwN03j7shOkYNxecxCw=":{"valueMac":{"type":"Buffer","data":"Rshrzu1zHo07JkTOTFzptO8PlxoepPhYdL3I/fn8lHs="}},"jt5KgoAG5OMaKuXLmV2jsU2f863uBNGr4cVByPUxK7g=":{"valueMac":{"type":"Buffer","data":"8rJfTH4rAqIVpWghBDmrE6BtvFwbEBy9XGGR6GNjMMQ="}},"6vYIfWoqb6QPrUXac/Wh5/7pPnHhBPSRTReoQIUEo1I=":{"valueMac":{"type":"Buffer","data":"mlqerEI/oWc3DcmOrET6b6OXYFs8Mzx7sVLRWXG5+OU="}},"7DhooKyxdh6S4F+fUJeqRdyUrHkyN+2zK9uTS/x5rpI=":{"valueMac":{"type":"Buffer","data":"lcCD7hbPGdhJN8QZiSOq9HztDeMAUd6UaIShgc2g4Wc="}},"v2h3qxBmz2Bz54uscAEQWqvDMFZ0YYK57zby6s6wYMs=":{"valueMac":{"type":"Buffer","data":"HcS7f5WYTWy02Bd4ovWjljqDioTyg7XFK8x+aJv6/f8="}},"JxrNhZavIe4oy8qHfhPdhtG1FayNwKivOpSyO+EMKBc=":{"valueMac":{"type":"Buffer","data":"n1L4xklFG+H/5nEfIEoqI7nO27zeUBahIkIFXYvcLe4="}},"caMUzPGpM8j3OjUcp4ZAxZQwM1oo2PGZOaD1hDeiz48=":{"valueMac":{"type":"Buffer","data":"JcKiIZF8th2+9Rk1Krk1+oZwOFKhbPXENfDjVI1l5FU="}},"4VNHZSaKFy/YSM0Lp8Pfd9f9IJ+f4oM5yRgt7V+tato=":{"valueMac":{"type":"Buffer","data":"oLSnKBe/VA5Mt3QZr4CL8Uub5G98tWwbThZqc5Uzayg="}},"DYsIgocQRDZo+0hN0bYKiIsyhUwsvxPUCiUh5D+Xcj8=":{"valueMac":{"type":"Buffer","data":"Oq8k+vPL2B7IXMSk9JJ2ZQtg3kmwbTXSlbXReqi+ORc="}},"mdxLScvQKcR4l8h5MF2tqkL4KkpEJ4MfaaIvKc5k6QA=":{"valueMac":{"type":"Buffer","data":"RDf0arv1a6Q28jSDKjF5ahFcNKgq/rCPHISf2SvJSkY="}},"ryNIS+ETrBiqabsOVoIuU642S62FYpuQ9QdzQQ/5bho=":{"valueMac":{"type":"Buffer","data":"MDJ/pBYgVbCuAbwT9qmkjIC58qGyXD8ep/u5EZ/xbCM="}},"ZO+kZ3xs2x0oJx6JFWKPvtBv2ANADzcVao5/J5tdrmQ=":{"valueMac":{"type":"Buffer","data":"YsleTMwQlUjOPaq48UF/E0/MjAwoaxat3Jgoetv0fTI="}},"BtqG6XpiCQUqRtuidHQzpeOzPrLHkzbtf4ixshGY64s=":{"valueMac":{"type":"Buffer","data":"cSg4S8tXBBn2SF564Dn/WdIhKgA1JYpeEUWJq/gg+C0="}},"yK9j7fMMSuR2GSDuITk6wpysYOtkvtviTzer0owVq3w=":{"valueMac":{"type":"Buffer","data":"Ytee89g5Pui2RZicwUAfNSJTQqWLqb7FUlTY2SXD1DA="}},"S+if1PTZmUgef5fJm/lfrZ9sJwAEdORxi18p40dfDxQ=":{"valueMac":{"type":"Buffer","data":"GonMp6a3UZ/RbITn53bRFBFzscc+JN53WvwGSt/T4nk="}},"cDvVqzWEbIty8vJ020W25alF0HUoQmCoQbktJTgjZDg=":{"valueMac":{"type":"Buffer","data":"rDTEy8SDva7P/pvwMAyy6LKM7kQqfzr199DQ9V3jIJk="}},"ejcVen14bhLZ2sFoUHoxYGQVyD9u1HhP0N4FdsSAyEY=":{"valueMac":{"type":"Buffer","data":"XBQed0EqtEz/Gqp3o54Ba03AYZZ20OhjlsuYPCXU7N4="}},"F9v2c4jRwQ7R1Qeg+gPLR//DvrZ3W4wAAx2khrfDXOM=":{"valueMac":{"type":"Buffer","data":"bDAC1kmIuxHYnSgNDYcCwq2Q4RSFtu6Leuwd+49Idtw="}},"HskWqkTNZXvirCJRImy6QkYL0XLed3jWFBp/U5WLc10=":{"valueMac":{"type":"Buffer","data":"94ZzBn2zJ52aZ46s0/k14BWSDH9ekJVV+4O11Y464dY="}},"eRhuclJAZbhtu0iRdCVd9IAJaiqnO0u7UOondorJdTI=":{"valueMac":{"type":"Buffer","data":"G/9HGI1pykJMCdU4k765u4SMmWcRbPJMu+hvbl4I4ts="}}}}