{"noiseKey":{"private":{"type":"Buffer","data":"AIrIEiAeolp51euBfzWo8/heRnlzyXajDfm8zctE80U="},"public":{"type":"Buffer","data":"R1d1SaPKe1Toqn6ZwLzENh1PBUYgAn2GfcJNnVKhHmo="}},"pairingEphemeralKeyPair":{"private":{"type":"Buffer","data":"wBtGr7nUcN77mICsbrRCOu6v+QiUBh/htkyekOwhQkc="},"public":{"type":"Buffer","data":"62a3wmAU7GjOQQ1zcIgb3AP5rcDGzezo2P5aQP8awyU="}},"signedIdentityKey":{"private":{"type":"Buffer","data":"IMujE5Smo5j8YQsU04gCa5nP2QgGnzYe4asrxNYDom4="},"public":{"type":"Buffer","data":"v8qA6c73wFMEI5oqEx/XxXP1DDX0nfA/tkLF/mQ+Ckc="}},"signedPreKey":{"keyPair":{"private":{"type":"Buffer","data":"GG707Pj/TVqVafvMzG83hRDyCF1o+0d2F7yh8/+fnGU="},"public":{"type":"Buffer","data":"QtGdb3B74gyZDLjn33Nb66bPXicU41joPTnEEVw+2VY="}},"signature":{"type":"Buffer","data":"WIW7rJg5q6oZbHUOTbrk5aIFk0EHv26HGP2VUefbpTGuoMdeBbVcEzGOZ+SNe9JwfIr+zPOyyA1bSgbx2v46BA=="},"keyId":1},"registrationId":3,"advSecretKey":"NmZlR/GI8ggMGJvW9DzJ2zvfR2T6gAQPNZ8QPq6w3es=","processedHistoryMessages":[],"nextPreKeyId":814,"firstUnuploadedPreKeyId":814,"accountSyncCounter":0,"accountSettings":{"unarchiveChats":false},"registered":true,"pairingCode":"2NPMF85N","me":{"id":"50768713665:6@s.whatsapp.net","name":"nexus","lid":"253974854815864:6@lid"},"account":{"details":"CJuH6YMBEI+RnswGGAEgACgA","accountSignatureKey":"7SCheQ/97OGeO4NbtxmUMc36kLtXUzsZGpY3On7qsXo=","accountSignature":"jT9R8QjNCCoy7Cbz93JsI1lvjD4LJIKqEuJ5lqpiB0iRRxXz8FzknajmQ2rm3U+y4VaRD562aSDIDhpXytHKCg==","deviceSignature":"wW+9/TMeEmsE56DG9cFanjFEHHVgH0oWmcde1FbNfMgYVe5KAJJcnmoW5HvSUAET8nXMHCVln+jZTlSsTyemDQ=="},"signalIdentities":[{"identifier":{"name":"253974854815864:6@lid","deviceId":0},"identifierKey":{"type":"Buffer","data":"Be0goXkP/ezhnjuDW7cZlDHN+pC7V1M7GRqWNzp+6rF6"}}],"platform":"smba","routingInfo":{"type":"Buffer","data":"CAIIEggI"},"lastAccountSyncTimestamp":1770490099,"lastPropHash":"1K4hH4","myAppStateKeyId":"AAAAAHhJ"}